Year,Month,Day,Period,309_WIND_1,317_WIND_1,303_WIND_1,122_WIND_1
2020,1,1,1,136.65070558266478,609.3164182974191,348.8622133274019,589.1352971246902
2020,1,1,2,136.65070558266478,609.3164182974191,348.8622133274019,589.1352971246902
2020,1,1,3,136.65070558266478,609.3164182974191,348.8622133274019,589.1352971246902
2020,1,1,4,136.65070558266478,609.3164182974191,348.8622133274019,589.1352971246902
2020,1,1,5,136.65070558266478,609.3164182974191,348.8622133274019,589.1352971246902
2020,1,1,6,136.65070558266478,609.3164182974191,348.8622133274019,589.1352971246902
2020,1,1,7,136.65070558266478,609.3164182974191,348.8622133274019,589.1352971246902
2020,1,1,8,136.65070558266478,609.3164182974191,348.8622133274019,589.1352971246902
2020,1,1,9,136.65070558266478,609.3164182974191,348.8622133274019,589.1352971246902
2020,1,1,10,136.65070558266478,609.3164182974191,348.8622133274019,589.1352971246902
2020,1,1,11,136.65070558266478,609.3164182974191,348.8622133274019,589.1352971246902
2020,1,1,12,136.65070558266478,609.3164182974191,348.8622133274019,589.1352971246902
2020,1,1,13,132.0697644135917,625.4251079499428,471.47810645236336,506.06627626705404
2020,1,1,14,132.0697644135917,625.4251079499428,471.47810645236336,506.06627626705404
2020,1,1,15,132.0697644135917,625.4251079499428,471.47810645236336,506.06627626705404
2020,1,1,16,132.0697644135917,625.4251079499428,471.47810645236336,506.06627626705404
2020,1,1,17,132.0697644135917,625.4251079499428,471.47810645236336,506.06627626705404
2020,1,1,18,132.0697644135917,625.4251079499428,471.47810645236336,506.06627626705404
2020,1,1,19,132.0697644135917,625.4251079499428,471.47810645236336,506.06627626705404
2020,1,1,20,132.0697644135917,625.4251079499428,471.47810645236336,506.06627626705404
2020,1,1,21,132.0697644135917,625.4251079499428,471.47810645236336,506.06627626705404
2020,1,1,22,132.0697644135917,625.4251079499428,471.47810645236336,506.06627626705404
2020,1,1,23,132.0697644135917,625.4251079499428,471.47810645236336,506.06627626705404
2020,1,1,24,132.0697644135917,625.4251079499428,471.47810645236336,506.06627626705404
2020,1,1,25,124.29910194434117,537.4011587109704,471.7101617222606,512.6301966832501
2020,1,1,26,124.29910194434117,537.4011587109704,471.7101617222606,512.6301966832501
2020,1,1,27,124.29910194434117,537.4011587109704,471.7101617222606,512.6301966832501
2020,1,1,28,124.29910194434117,537.4011587109704,471.7101617222606,512.6301966832501
2020,1,1,29,124.29910194434117,537.4011587109704,471.7101617222606,512.6301966832501
2020,1,1,30,124.29910194434117,537.4011587109704,471.7101617222606,512.6301966832501
2020,1,1,31,124.29910194434117,537.4011587109704,471.7101617222606,512.6301966832501
2020,1,1,32,124.29910194434117,537.4011587109704,471.7101617222606,512.6301966832501
2020,1,1,33,124.29910194434117,537.4011587109704,471.7101617222606,512.6301966832501
2020,1,1,34,124.29910194434117,537.4011587109704,471.7101617222606,512.6301966832501
2020,1,1,35,124.29910194434117,537.4011587109704,471.7101617222606,512.6301966832501
2020,1,1,36,124.29910194434117,537.4011587109704,471.7101617222606,512.6301966832501
2020,1,1,37,128.1694751451914,589.9662449478761,385.1239731736154,546.7914272360215
2020,1,1,38,128.1694751451914,589.9662449478761,385.1239731736154,546.7914272360215
2020,1,1,39,128.1694751451914,589.9662449478761,385.1239731736154,546.7914272360215
2020,1,1,40,128.1694751451914,589.9662449478761,385.1239731736154,546.7914272360215
2020,1,1,41,128.1694751451914,589.9662449478761,385.1239731736154,546.7914272360215
2020,1,1,42,128.1694751451914,589.9662449478761,385.1239731736154,546.7914272360215
2020,1,1,43,128.1694751451914,589.9662449478761,385.1239731736154,546.7914272360215
2020,1,1,44,128.1694751451914,589.9662449478761,385.1239731736154,546.7914272360215
2020,1,1,45,128.1694751451914,589.9662449478761,385.1239731736154,546.7914272360215
2020,1,1,46,128.1694751451914,589.9662449478761,385.1239731736154,546.7914272360215
2020,1,1,47,128.1694751451914,589.9662449478761,385.1239731736154,546.7914272360215
2020,1,1,48,128.1694751451914,589.9662449478761,385.1239731736154,546.7914272360215
2020,1,1,49,111.60102060732484,514.3181945287021,385.9684419800182,486.8601070673868
2020,1,1,50,111.60102060732484,514.3181945287021,385.9684419800182,486.8601070673868
2020,1,1,51,111.60102060732484,514.3181945287021,385.9684419800182,486.8601070673868
2020,1,1,52,111.60102060732484,514.3181945287021,385.9684419800182,486.8601070673868
2020,1,1,53,111.60102060732484,514.3181945287021,385.9684419800182,486.8601070673868
2020,1,1,54,111.60102060732484,514.3181945287021,385.9684419800182,486.8601070673868
2020,1,1,55,111.60102060732484,514.3181945287021,385.9684419800182,486.8601070673868
2020,1,1,56,111.60102060732484,514.3181945287021,385.9684419800182,486.8601070673868
2020,1,1,57,111.60102060732484,514.3181945287021,385.9684419800182,486.8601070673868
2020,1,1,58,111.60102060732484,514.3181945287021,385.9684419800182,486.8601070673868
2020,1,1,59,111.60102060732484,514.3181945287021,385.9684419800182,486.8601070673868
2020,1,1,60,111.60102060732484,514.3181945287021,385.9684419800182,486.8601070673868
2020,1,1,61,116.60974424292297,545.6382565715741,337.774742868423,436.00178289546074
2020,1,1,62,116.60974424292297,545.6382565715741,337.774742868423,436.00178289546074
2020,1,1,63,116.60974424292297,545.6382565715741,337.774742868423,436.00178289546074
2020,1,1,64,116.60974424292297,545.6382565715741,337.774742868423,436.00178289546074
2020,1,1,65,116.60974424292297,545.6382565715741,337.774742868423,436.00178289546074
2020,1,1,66,116.60974424292297,545.6382565715741,337.774742868423,436.00178289546074
2020,1,1,67,116.60974424292297,545.6382565715741,337.774742868423,436.00178289546074
2020,1,1,68,116.60974424292297,545.6382565715741,337.774742868423,436.00178289546074
2020,1,1,69,116.60974424292297,545.6382565715741,337.774742868423,436.00178289546074
2020,1,1,70,116.60974424292297,545.6382565715741,337.774742868423,436.00178289546074
2020,1,1,71,116.60974424292297,545.6382565715741,337.774742868423,436.00178289546074
2020,1,1,72,116.60974424292297,545.6382565715741,337.774742868423,436.00178289546074
2020,1,1,73,131.82939402198747,586.9772535486995,362.48295568448265,468.87601196818594
2020,1,1,74,131.82939402198747,586.9772535486995,362.48295568448265,468.87601196818594
2020,1,1,75,131.82939402198747,586.9772535486995,362.48295568448265,468.87601196818594
2020,1,1,76,131.82939402198747,586.9772535486995,362.48295568448265,468.87601196818594
2020,1,1,77,131.82939402198747,586.9772535486995,362.48295568448265,468.87601196818594
2020,1,1,78,131.82939402198747,586.9772535486995,362.48295568448265,468.87601196818594
2020,1,1,79,131.82939402198747,586.9772535486995,362.48295568448265,468.87601196818594
2020,1,1,80,131.82939402198747,586.9772535486995,362.48295568448265,468.87601196818594
2020,1,1,81,131.82939402198747,586.9772535486995,362.48295568448265,468.87601196818594
2020,1,1,82,131.82939402198747,586.9772535486995,362.48295568448265,468.87601196818594
2020,1,1,83,131.82939402198747,586.9772535486995,362.48295568448265,468.87601196818594
2020,1,1,84,131.82939402198747,586.9772535486995,362.48295568448265,468.87601196818594
2020,1,1,85,128.29535335187472,574.660689776346,438.0203637132589,486.6175264846611
2020,1,1,86,128.29535335187472,574.660689776346,438.0203637132589,486.6175264846611
2020,1,1,87,128.29535335187472,574.660689776346,438.0203637132589,486.6175264846611
2020,1,1,88,128.29535335187472,574.660689776346,438.0203637132589,486.6175264846611
2020,1,1,89,128.29535335187472,574.660689776346,438.0203637132589,486.6175264846611
2020,1,1,90,128.29535335187472,574.660689776346,438.0203637132589,486.6175264846611
2020,1,1,91,128.29535335187472,574.660689776346,438.0203637132589,486.6175264846611
2020,1,1,92,128.29535335187472,574.660689776346,438.0203637132589,486.6175264846611
2020,1,1,93,128.29535335187472,574.660689776346,438.0203637132589,486.6175264846611
2020,1,1,94,128.29535335187472,574.660689776346,438.0203637132589,486.6175264846611
2020,1,1,95,128.29535335187472,574.660689776346,438.0203637132589,486.6175264846611
2020,1,1,96,128.29535335187472,574.660689776346,438.0203637132589,486.6175264846611
2020,1,1,97,119.54856874281184,548.2536870584293,384.98031758781724,502.7093910756049
2020,1,1,98,119.54856874281184,548.2536870584293,384.98031758781724,502.7093910756049
2020,1,1,99,119.54856874281184,548.2536870584293,384.98031758781724,502.7093910756049
2020,1,1,100,119.54856874281184,548.2536870584293,384.98031758781724,502.7093910756049
2020,1,1,101,119.54856874281184,548.2536870584293,384.98031758781724,502.7093910756049
2020,1,1,102,119.54856874281184,548.2536870584293,384.98031758781724,502.7093910756049
2020,1,1,103,119.54856874281184,548.2536870584293,384.98031758781724,502.7093910756049
2020,1,1,104,119.54856874281184,548.2536870584293,384.98031758781724,502.7093910756049
2020,1,1,105,119.54856874281184,548.2536870584293,384.98031758781724,502.7093910756049
2020,1,1,106,119.54856874281184,548.2536870584293,384.98031758781724,502.7093910756049
2020,1,1,107,119.54856874281184,548.2536870584293,384.98031758781724,502.7093910756049
2020,1,1,108,119.54856874281184,548.2536870584293,384.98031758781724,502.7093910756049
2020,1,1,109,128.71398254664555,577.1956798848244,510.76621772487624,484.43300490812175
2020,1,1,110,128.71398254664555,577.1956798848244,510.76621772487624,484.43300490812175
2020,1,1,111,128.71398254664555,577.1956798848244,510.76621772487624,484.43300490812175
2020,1,1,112,128.71398254664555,577.1956798848244,510.76621772487624,484.43300490812175
2020,1,1,113,128.71398254664555,577.1956798848244,510.76621772487624,484.43300490812175
2020,1,1,114,128.71398254664555,577.1956798848244,510.76621772487624,484.43300490812175
2020,1,1,115,128.71398254664555,577.1956798848244,510.76621772487624,484.43300490812175
2020,1,1,116,128.71398254664555,577.1956798848244,510.76621772487624,484.43300490812175
2020,1,1,117,128.71398254664555,577.1956798848244,510.76621772487624,484.43300490812175
2020,1,1,118,128.71398254664555,577.1956798848244,510.76621772487624,484.43300490812175
2020,1,1,119,128.71398254664555,577.1956798848244,510.76621772487624,484.43300490812175
2020,1,1,120,128.71398254664555,577.1956798848244,510.76621772487624,484.43300490812175
2020,1,1,121,120.31058751830476,580.2654015140181,465.20527386017017,483.2934997550786
2020,1,1,122,120.31058751830476,580.2654015140181,465.20527386017017,483.2934997550786
2020,1,1,123,120.31058751830476,580.2654015140181,465.20527386017017,483.2934997550786
2020,1,1,124,120.31058751830476,580.2654015140181,465.20527386017017,483.2934997550786
2020,1,1,125,120.31058751830476,580.2654015140181,465.20527386017017,483.2934997550786
2020,1,1,126,120.31058751830476,580.2654015140181,465.20527386017017,483.2934997550786
2020,1,1,127,120.31058751830476,580.2654015140181,465.20527386017017,483.2934997550786
2020,1,1,128,120.31058751830476,580.2654015140181,465.20527386017017,483.2934997550786
2020,1,1,129,120.31058751830476,580.2654015140181,465.20527386017017,483.2934997550786
2020,1,1,130,120.31058751830476,580.2654015140181,465.20527386017017,483.2934997550786
2020,1,1,131,120.31058751830476,580.2654015140181,465.20527386017017,483.2934997550786
2020,1,1,132,120.31058751830476,580.2654015140181,465.20527386017017,483.2934997550786
2020,1,1,133,113.4790527225313,615.4022090288448,570.6435540895615,470.61381789050927
2020,1,1,134,113.4790527225313,615.4022090288448,570.6435540895615,470.61381789050927
2020,1,1,135,113.4790527225313,615.4022090288448,570.6435540895615,470.61381789050927
2020,1,1,136,113.4790527225313,615.4022090288448,570.6435540895615,470.61381789050927
2020,1,1,137,113.4790527225313,615.4022090288448,570.6435540895615,470.61381789050927
2020,1,1,138,113.4790527225313,615.4022090288448,570.6435540895615,470.61381789050927
2020,1,1,139,113.4790527225313,615.4022090288448,570.6435540895615,470.61381789050927
2020,1,1,140,113.4790527225313,615.4022090288448,570.6435540895615,470.61381789050927
2020,1,1,141,113.4790527225313,615.4022090288448,570.6435540895615,470.61381789050927
2020,1,1,142,113.4790527225313,615.4022090288448,570.6435540895615,470.61381789050927
2020,1,1,143,113.4790527225313,615.4022090288448,570.6435540895615,470.61381789050927
2020,1,1,144,113.4790527225313,615.4022090288448,570.6435540895615,470.61381789050927
2020,1,1,145,119.85898237311757,616.9853868141088,554.7038096557488,503.36556648228157
2020,1,1,146,119.85898237311757,616.9853868141088,554.7038096557488,503.36556648228157
2020,1,1,147,119.85898237311757,616.9853868141088,554.7038096557488,503.36556648228157
2020,1,1,148,119.85898237311757,616.9853868141088,554.7038096557488,503.36556648228157
2020,1,1,149,119.85898237311757,616.9853868141088,554.7038096557488,503.36556648228157
2020,1,1,150,119.85898237311757,616.9853868141088,554.7038096557488,503.36556648228157
2020,1,1,151,119.85898237311757,616.9853868141088,554.7038096557488,503.36556648228157
2020,1,1,152,119.85898237311757,616.9853868141088,554.7038096557488,503.36556648228157
2020,1,1,153,119.85898237311757,616.9853868141088,554.7038096557488,503.36556648228157
2020,1,1,154,119.85898237311757,616.9853868141088,554.7038096557488,503.36556648228157
2020,1,1,155,119.85898237311757,616.9853868141088,554.7038096557488,503.36556648228157
2020,1,1,156,119.85898237311757,616.9853868141088,554.7038096557488,503.36556648228157
2020,1,1,157,137.6120261437146,582.9568497105765,523.7228285672587,436.8271656885003
2020,1,1,158,137.6120261437146,582.9568497105765,523.7228285672587,436.8271656885003
2020,1,1,159,137.6120261437146,582.9568497105765,523.7228285672587,436.8271656885003
2020,1,1,160,137.6120261437146,582.9568497105765,523.7228285672587,436.8271656885003
2020,1,1,161,137.6120261437146,582.9568497105765,523.7228285672587,436.8271656885003
2020,1,1,162,137.6120261437146,582.9568497105765,523.7228285672587,436.8271656885003
2020,1,1,163,137.6120261437146,582.9568497105765,523.7228285672587,436.8271656885003
2020,1,1,164,137.6120261437146,582.9568497105765,523.7228285672587,436.8271656885003
2020,1,1,165,137.6120261437146,582.9568497105765,523.7228285672587,436.8271656885003
2020,1,1,166,137.6120261437146,582.9568497105765,523.7228285672587,436.8271656885003
2020,1,1,167,137.6120261437146,582.9568497105765,523.7228285672587,436.8271656885003
2020,1,1,168,137.6120261437146,582.9568497105765,523.7228285672587,436.8271656885003
2020,1,1,169,122.29868323768616,563.2878498339878,553.514907206598,435.1153569690975
2020,1,1,170,122.29868323768616,563.2878498339878,553.514907206598,435.1153569690975
2020,1,1,171,122.29868323768616,563.2878498339878,553.514907206598,435.1153569690975
2020,1,1,172,122.29868323768616,563.2878498339878,553.514907206598,435.1153569690975
2020,1,1,173,122.29868323768616,563.2878498339878,553.514907206598,435.1153569690975
2020,1,1,174,122.29868323768616,563.2878498339878,553.514907206598,435.1153569690975
2020,1,1,175,122.29868323768616,563.2878498339878,553.514907206598,435.1153569690975
2020,1,1,176,122.29868323768616,563.2878498339878,553.514907206598,435.1153569690975
2020,1,1,177,122.29868323768616,563.2878498339878,553.514907206598,435.1153569690975
2020,1,1,178,122.29868323768616,563.2878498339878,553.514907206598,435.1153569690975
2020,1,1,179,122.29868323768616,563.2878498339878,553.514907206598,435.1153569690975
2020,1,1,180,122.29868323768616,563.2878498339878,553.514907206598,435.1153569690975
2020,1,1,181,125.09669499563397,447.598660009633,587.2528878105703,424.4914296180322
2020,1,1,182,125.09669499563397,447.598660009633,587.2528878105703,424.4914296180322
2020,1,1,183,125.09669499563397,447.598660009633,587.2528878105703,424.4914296180322
2020,1,1,184,125.09669499563397,447.598660009633,587.2528878105703,424.4914296180322
2020,1,1,185,125.09669499563397,447.598660009633,587.2528878105703,424.4914296180322
2020,1,1,186,125.09669499563397,447.598660009633,587.2528878105703,424.4914296180322
2020,1,1,187,125.09669499563397,447.598660009633,587.2528878105703,424.4914296180322
2020,1,1,188,125.09669499563397,447.598660009633,587.2528878105703,424.4914296180322
2020,1,1,189,125.09669499563397,447.598660009633,587.2528878105703,424.4914296180322
2020,1,1,190,125.09669499563397,447.598660009633,587.2528878105703,424.4914296180322
2020,1,1,191,125.09669499563397,447.598660009633,587.2528878105703,424.4914296180322
2020,1,1,192,125.09669499563397,447.598660009633,587.2528878105703,424.4914296180322
2020,1,1,193,126.88741819868669,458.0407653534445,592.9191192654325,418.2950090863838
2020,1,1,194,126.88741819868669,458.0407653534445,592.9191192654325,418.2950090863838
2020,1,1,195,126.88741819868669,458.0407653534445,592.9191192654325,418.2950090863838
2020,1,1,196,126.88741819868669,458.0407653534445,592.9191192654325,418.2950090863838
2020,1,1,197,126.88741819868669,458.0407653534445,592.9191192654325,418.2950090863838
2020,1,1,198,126.88741819868669,458.0407653534445,592.9191192654325,418.2950090863838
2020,1,1,199,126.88741819868669,458.0407653534445,592.9191192654325,418.2950090863838
2020,1,1,200,126.88741819868669,458.0407653534445,592.9191192654325,418.2950090863838
2020,1,1,201,126.88741819868669,458.0407653534445,592.9191192654325,418.2950090863838
2020,1,1,202,126.88741819868669,458.0407653534445,592.9191192654325,418.2950090863838
2020,1,1,203,126.88741819868669,458.0407653534445,592.9191192654325,418.2950090863838
2020,1,1,204,126.88741819868669,458.0407653534445,592.9191192654325,418.2950090863838
2020,1,1,205,108.69910126345003,619.759379391092,600.020522932683,306.8998837589149
2020,1,1,206,108.69910126345003,619.759379391092,600.020522932683,306.8998837589149
2020,1,1,207,108.69910126345003,619.759379391092,600.020522932683,306.8998837589149
2020,1,1,208,108.69910126345003,619.759379391092,600.020522932683,306.8998837589149
2020,1,1,209,108.69910126345003,619.759379391092,600.020522932683,306.8998837589149
2020,1,1,210,108.69910126345003,619.759379391092,600.020522932683,306.8998837589149
2020,1,1,211,108.69910126345003,619.759379391092,600.020522932683,306.8998837589149
2020,1,1,212,108.69910126345003,619.759379391092,600.020522932683,306.8998837589149
2020,1,1,213,108.69910126345003,619.759379391092,600.020522932683,306.8998837589149
2020,1,1,214,108.69910126345003,619.759379391092,600.020522932683,306.8998837589149
2020,1,1,215,108.69910126345003,619.759379391092,600.020522932683,306.8998837589149
2020,1,1,216,108.69910126345003,619.759379391092,600.020522932683,306.8998837589149
2020,1,1,217,104.69523526263535,588.0509288284326,612.0703154126986,287.940087046044
2020,1,1,218,104.69523526263535,588.0509288284326,612.0703154126986,287.940087046044
2020,1,1,219,104.69523526263535,588.0509288284326,612.0703154126986,287.940087046044
2020,1,1,220,104.69523526263535,588.0509288284326,612.0703154126986,287.940087046044
2020,1,1,221,104.69523526263535,588.0509288284326,612.0703154126986,287.940087046044
2020,1,1,222,104.69523526263535,588.0509288284326,612.0703154126986,287.940087046044
2020,1,1,223,104.69523526263535,588.0509288284326,612.0703154126986,287.940087046044
2020,1,1,224,104.69523526263535,588.0509288284326,612.0703154126986,287.940087046044
2020,1,1,225,104.69523526263535,588.0509288284326,612.0703154126986,287.940087046044
2020,1,1,226,104.69523526263535,588.0509288284326,612.0703154126986,287.940087046044
2020,1,1,227,104.69523526263535,588.0509288284326,612.0703154126986,287.940087046044
2020,1,1,228,104.69523526263535,588.0509288284326,612.0703154126986,287.940087046044
2020,1,1,229,115.73651071108006,640.1525002840795,649.6240320668181,272.5639273431657
2020,1,1,230,115.73651071108006,640.1525002840795,649.6240320668181,272.5639273431657
2020,1,1,231,115.73651071108006,640.1525002840795,649.6240320668181,272.5639273431657
2020,1,1,232,115.73651071108006,640.1525002840795,649.6240320668181,272.5639273431657
2020,1,1,233,115.73651071108006,640.1525002840795,649.6240320668181,272.5639273431657
2020,1,1,234,115.73651071108006,640.1525002840795,649.6240320668181,272.5639273431657
2020,1,1,235,115.73651071108006,640.1525002840795,649.6240320668181,272.5639273431657
2020,1,1,236,115.73651071108006,640.1525002840795,649.6240320668181,272.5639273431657
2020,1,1,237,115.73651071108006,640.1525002840795,649.6240320668181,272.5639273431657
2020,1,1,238,115.73651071108006,640.1525002840795,649.6240320668181,272.5639273431657
2020,1,1,239,115.73651071108006,640.1525002840795,649.6240320668181,272.5639273431657
2020,1,1,240,115.73651071108006,640.1525002840795,649.6240320668181,272.5639273431657
2020,1,1,241,106.93439998795527,548.786301430799,609.9190249065188,274.90648209841015
2020,1,1,242,106.93439998795527,548.786301430799,609.9190249065188,274.90648209841015
2020,1,1,243,106.93439998795527,548.786301430799,609.9190249065188,274.90648209841015
2020,1,1,244,106.93439998795527,548.786301430799,609.9190249065188,274.90648209841015
2020,1,1,245,106.93439998795527,548.786301430799,609.9190249065188,274.90648209841015
2020,1,1,246,106.93439998795527,548.786301430799,609.9190249065188,274.90648209841015
2020,1,1,247,106.93439998795527,548.786301430799,609.9190249065188,274.90648209841015
2020,1,1,248,106.93439998795527,548.786301430799,609.9190249065188,274.90648209841015
2020,1,1,249,106.93439998795527,548.786301430799,609.9190249065188,274.90648209841015
2020,1,1,250,106.93439998795527,548.786301430799,609.9190249065188,274.90648209841015
2020,1,1,251,106.93439998795527,548.786301430799,609.9190249065188,274.90648209841015
2020,1,1,252,106.93439998795527,548.786301430799,609.9190249065188,274.90648209841015
2020,1,1,253,94.63984265684498,410.47800110554584,587.779222590423,425.2158391764651
2020,1,1,254,94.63984265684498,410.47800110554584,587.779222590423,425.2158391764651
2020,1,1,255,94.63984265684498,410.47800110554584,587.779222590423,425.2158391764651
2020,1,1,256,94.63984265684498,410.47800110554584,587.779222590423,425.2158391764651
2020,1,1,257,94.63984265684498,410.47800110554584,587.779222590423,425.2158391764651
2020,1,1,258,94.63984265684498,410.47800110554584,587.779222590423,425.2158391764651
2020,1,1,259,94.63984265684498,410.47800110554584,587.779222590423,425.2158391764651
2020,1,1,260,94.63984265684498,410.47800110554584,587.779222590423,425.2158391764651
2020,1,1,261,94.63984265684498,410.47800110554584,587.779222590423,425.2158391764651
2020,1,1,262,94.63984265684498,410.47800110554584,587.779222590423,425.2158391764651
2020,1,1,263,94.63984265684498,410.47800110554584,587.779222590423,425.2158391764651
2020,1,1,264,94.63984265684498,410.47800110554584,587.779222590423,425.2158391764651
2020,1,1,265,93.375821401577,402.98127766377917,724.6977713833645,456.3631427742421
2020,1,1,266,93.375821401577,402.98127766377917,724.6977713833645,456.3631427742421
2020,1,1,267,93.375821401577,402.98127766377917,724.6977713833645,456.3631427742421
2020,1,1,268,93.375821401577,402.98127766377917,724.6977713833645,456.3631427742421
2020,1,1,269,93.375821401577,402.98127766377917,724.6977713833645,456.3631427742421
2020,1,1,270,93.375821401577,402.98127766377917,724.6977713833645,456.3631427742421
2020,1,1,271,93.375821401577,402.98127766377917,724.6977713833645,456.3631427742421
2020,1,1,272,93.375821401577,402.98127766377917,724.6977713833645,456.3631427742421
2020,1,1,273,93.375821401577,402.98127766377917,724.6977713833645,456.3631427742421
2020,1,1,274,93.375821401577,402.98127766377917,724.6977713833645,456.3631427742421
2020,1,1,275,93.375821401577,402.98127766377917,724.6977713833645,456.3631427742421
2020,1,1,276,93.375821401577,402.98127766377917,724.6977713833645,456.3631427742421
2020,1,1,277,72.87733382984115,317.25345802094324,707.4749775372526,357.30645597244603
2020,1,1,278,72.87733382984115,317.25345802094324,707.4749775372526,357.30645597244603
2020,1,1,279,72.87733382984115,317.25345802094324,707.4749775372526,357.30645597244603
2020,1,1,280,72.87733382984115,317.25345802094324,707.4749775372526,357.30645597244603
2020,1,1,281,72.87733382984115,317.25345802094324,707.4749775372526,357.30645597244603
2020,1,1,282,72.87733382984115,317.25345802094324,707.4749775372526,357.30645597244603
2020,1,1,283,72.87733382984115,317.25345802094324,707.4749775372526,357.30645597244603
2020,1,1,284,72.87733382984115,317.25345802094324,707.4749775372526,357.30645597244603
2020,1,1,285,72.87733382984115,317.25345802094324,707.4749775372526,357.30645597244603
2020,1,1,286,72.87733382984115,317.25345802094324,707.4749775372526,357.30645597244603
2020,1,1,287,72.87733382984115,317.25345802094324,707.4749775372526,357.30645597244603
2020,1,1,288,72.87733382984115,317.25345802094324,707.4749775372526,357.30645597244603
2020,1,2,1,74.16179192916111,325.6133082031265,767.1234398530179,330.91517533764153
2020,1,2,2,74.16179192916111,325.6133082031265,767.1234398530179,330.91517533764153
2020,1,2,3,74.16179192916111,325.6133082031265,767.1234398530179,330.91517533764153
2020,1,2,4,74.16179192916111,325.6133082031265,767.1234398530179,330.91517533764153
2020,1,2,5,74.16179192916111,325.6133082031265,767.1234398530179,330.91517533764153
2020,1,2,6,74.16179192916111,325.6133082031265,767.1234398530179,330.91517533764153
2020,1,2,7,74.16179192916111,325.6133082031265,767.1234398530179,330.91517533764153
2020,1,2,8,74.16179192916111,325.6133082031265,767.1234398530179,330.91517533764153
2020,1,2,9,74.16179192916111,325.6133082031265,767.1234398530179,330.91517533764153
2020,1,2,10,74.16179192916111,325.6133082031265,767.1234398530179,330.91517533764153
2020,1,2,11,74.16179192916111,325.6133082031265,767.1234398530179,330.91517533764153
2020,1,2,12,74.16179192916111,325.6133082031265,767.1234398530179,330.91517533764153
2020,1,2,13,67.2290914575761,405.42183732118946,591.4490247992554,350.71634471108473
2020,1,2,14,67.2290914575761,405.42183732118946,591.4490247992554,350.71634471108473
2020,1,2,15,67.2290914575761,405.42183732118946,591.4490247992554,350.71634471108473
2020,1,2,16,67.2290914575761,405.42183732118946,591.4490247992554,350.71634471108473
2020,1,2,17,67.2290914575761,405.42183732118946,591.4490247992554,350.71634471108473
2020,1,2,18,67.2290914575761,405.42183732118946,591.4490247992554,350.71634471108473
2020,1,2,19,67.2290914575761,405.42183732118946,591.4490247992554,350.71634471108473
2020,1,2,20,67.2290914575761,405.42183732118946,591.4490247992554,350.71634471108473
2020,1,2,21,67.2290914575761,405.42183732118946,591.4490247992554,350.71634471108473
2020,1,2,22,67.2290914575761,405.42183732118946,591.4490247992554,350.71634471108473
2020,1,2,23,67.2290914575761,405.42183732118946,591.4490247992554,350.71634471108473
2020,1,2,24,67.2290914575761,405.42183732118946,591.4490247992554,350.71634471108473
2020,1,2,25,72.92918605191385,347.5301753183064,706.9193697843901,365.8194769029019
2020,1,2,26,72.92918605191385,347.5301753183064,706.9193697843901,365.8194769029019
2020,1,2,27,72.92918605191385,347.5301753183064,706.9193697843901,365.8194769029019
2020,1,2,28,72.92918605191385,347.5301753183064,706.9193697843901,365.8194769029019
2020,1,2,29,72.92918605191385,347.5301753183064,706.9193697843901,365.8194769029019
2020,1,2,30,72.92918605191385,347.5301753183064,706.9193697843901,365.8194769029019
2020,1,2,31,72.92918605191385,347.5301753183064,706.9193697843901,365.8194769029019
2020,1,2,32,72.92918605191385,347.5301753183064,706.9193697843901,365.8194769029019
2020,1,2,33,72.92918605191385,347.5301753183064,706.9193697843901,365.8194769029019
2020,1,2,34,72.92918605191385,347.5301753183064,706.9193697843901,365.8194769029019
2020,1,2,35,72.92918605191385,347.5301753183064,706.9193697843901,365.8194769029019
2020,1,2,36,72.92918605191385,347.5301753183064,706.9193697843901,365.8194769029019
2020,1,2,37,73.89184014642639,329.5133903649219,657.2839420027541,485.0922643983138
2020,1,2,38,73.89184014642639,329.5133903649219,657.2839420027541,485.0922643983138
2020,1,2,39,73.89184014642639,329.5133903649219,657.2839420027541,485.0922643983138
2020,1,2,40,73.89184014642639,329.5133903649219,657.2839420027541,485.0922643983138
2020,1,2,41,73.89184014642639,329.5133903649219,657.2839420027541,485.0922643983138
2020,1,2,42,73.89184014642639,329.5133903649219,657.2839420027541,485.0922643983138
2020,1,2,43,73.89184014642639,329.5133903649219,657.2839420027541,485.0922643983138
2020,1,2,44,73.89184014642639,329.5133903649219,657.2839420027541,485.0922643983138
2020,1,2,45,73.89184014642639,329.5133903649219,657.2839420027541,485.0922643983138
2020,1,2,46,73.89184014642639,329.5133903649219,657.2839420027541,485.0922643983138
2020,1,2,47,73.89184014642639,329.5133903649219,657.2839420027541,485.0922643983138
2020,1,2,48,73.89184014642639,329.5133903649219,657.2839420027541,485.0922643983138
2020,1,2,49,82.59520371902977,252.7274543014598,545.3472572562771,525.8348515380046
2020,1,2,50,82.59520371902977,252.7274543014598,545.3472572562771,525.8348515380046
2020,1,2,51,82.59520371902977,252.7274543014598,545.3472572562771,525.8348515380046
2020,1,2,52,82.59520371902977,252.7274543014598,545.3472572562771,525.8348515380046
2020,1,2,53,82.59520371902977,252.7274543014598,545.3472572562771,525.8348515380046
2020,1,2,54,82.59520371902977,252.7274543014598,545.3472572562771,525.8348515380046
2020,1,2,55,82.59520371902977,252.7274543014598,545.3472572562771,525.8348515380046
2020,1,2,56,82.59520371902977,252.7274543014598,545.3472572562771,525.8348515380046
2020,1,2,57,82.59520371902977,252.7274543014598,545.3472572562771,525.8348515380046
2020,1,2,58,82.59520371902977,252.7274543014598,545.3472572562771,525.8348515380046
2020,1,2,59,82.59520371902977,252.7274543014598,545.3472572562771,525.8348515380046
2020,1,2,60,82.59520371902977,252.7274543014598,545.3472572562771,525.8348515380046
2020,1,2,61,72.15462776825674,310.6105841495647,551.2205974444319,534.4897965078901
2020,1,2,62,72.15462776825674,310.6105841495647,551.2205974444319,534.4897965078901
2020,1,2,63,72.15462776825674,310.6105841495647,551.2205974444319,534.4897965078901
2020,1,2,64,72.15462776825674,310.6105841495647,551.2205974444319,534.4897965078901
2020,1,2,65,72.15462776825674,310.6105841495647,551.2205974444319,534.4897965078901
2020,1,2,66,72.15462776825674,310.6105841495647,551.2205974444319,534.4897965078901
2020,1,2,67,72.15462776825674,310.6105841495647,551.2205974444319,534.4897965078901
2020,1,2,68,72.15462776825674,310.6105841495647,551.2205974444319,534.4897965078901
2020,1,2,69,72.15462776825674,310.6105841495647,551.2205974444319,534.4897965078901
2020,1,2,70,72.15462776825674,310.6105841495647,551.2205974444319,534.4897965078901
2020,1,2,71,72.15462776825674,310.6105841495647,551.2205974444319,534.4897965078901
2020,1,2,72,72.15462776825674,310.6105841495647,551.2205974444319,534.4897965078901
2020,1,2,73,64.02369976512558,242.04955366692624,525.8719093821779,538.0601728376001
2020,1,2,74,64.02369976512558,242.04955366692624,525.8719093821779,538.0601728376001
2020,1,2,75,64.02369976512558,242.04955366692624,525.8719093821779,538.0601728376001
2020,1,2,76,64.02369976512558,242.04955366692624,525.8719093821779,538.0601728376001
2020,1,2,77,64.02369976512558,242.04955366692624,525.8719093821779,538.0601728376001
2020,1,2,78,64.02369976512558,242.04955366692624,525.8719093821779,538.0601728376001
2020,1,2,79,64.02369976512558,242.04955366692624,525.8719093821779,538.0601728376001
2020,1,2,80,64.02369976512558,242.04955366692624,525.8719093821779,538.0601728376001
2020,1,2,81,64.02369976512558,242.04955366692624,525.8719093821779,538.0601728376001
2020,1,2,82,64.02369976512558,242.04955366692624,525.8719093821779,538.0601728376001
2020,1,2,83,64.02369976512558,242.04955366692624,525.8719093821779,538.0601728376001
2020,1,2,84,64.02369976512558,242.04955366692624,525.8719093821779,538.0601728376001
2020,1,2,85,60.969471179848924,197.5061499068652,505.93897074539296,596.7081923097207
2020,1,2,86,60.969471179848924,197.5061499068652,505.93897074539296,596.7081923097207
2020,1,2,87,60.969471179848924,197.5061499068652,505.93897074539296,596.7081923097207
2020,1,2,88,60.969471179848924,197.5061499068652,505.93897074539296,596.7081923097207
2020,1,2,89,60.969471179848924,197.5061499068652,505.93897074539296,596.7081923097207
2020,1,2,90,60.969471179848924,197.5061499068652,505.93897074539296,596.7081923097207
2020,1,2,91,60.969471179848924,197.5061499068652,505.93897074539296,596.7081923097207
2020,1,2,92,60.969471179848924,197.5061499068652,505.93897074539296,596.7081923097207
2020,1,2,93,60.969471179848924,197.5061499068652,505.93897074539296,596.7081923097207
2020,1,2,94,60.969471179848924,197.5061499068652,505.93897074539296,596.7081923097207
2020,1,2,95,60.969471179848924,197.5061499068652,505.93897074539296,596.7081923097207
2020,1,2,96,60.969471179848924,197.5061499068652,505.93897074539296,596.7081923097207
2020,1,2,97,82.03834913217622,257.5087891961347,584.4641928670069,626.7956668240402
2020,1,2,98,82.03834913217622,257.5087891961347,584.4641928670069,626.7956668240402
2020,1,2,99,82.03834913217622,257.5087891961347,584.4641928670069,626.7956668240402
2020,1,2,100,82.03834913217622,257.5087891961347,584.4641928670069,626.7956668240402
2020,1,2,101,82.03834913217622,257.5087891961347,584.4641928670069,626.7956668240402
2020,1,2,102,82.03834913217622,257.5087891961347,584.4641928670069,626.7956668240402
2020,1,2,103,82.03834913217622,257.5087891961347,584.4641928670069,626.7956668240402
2020,1,2,104,82.03834913217622,257.5087891961347,584.4641928670069,626.7956668240402
2020,1,2,105,82.03834913217622,257.5087891961347,584.4641928670069,626.7956668240402
2020,1,2,106,82.03834913217622,257.5087891961347,584.4641928670069,626.7956668240402
2020,1,2,107,82.03834913217622,257.5087891961347,584.4641928670069,626.7956668240402
2020,1,2,108,82.03834913217622,257.5087891961347,584.4641928670069,626.7956668240402
2020,1,2,109,78.34217819139164,474.31985661301627,487.7084844267577,647.1204789598326
2020,1,2,110,78.34217819139164,474.31985661301627,487.7084844267577,647.1204789598326
2020,1,2,111,78.34217819139164,474.31985661301627,487.7084844267577,647.1204789598326
2020,1,2,112,78.34217819139164,474.31985661301627,487.7084844267577,647.1204789598326
2020,1,2,113,78.34217819139164,474.31985661301627,487.7084844267577,647.1204789598326
2020,1,2,114,78.34217819139164,474.31985661301627,487.7084844267577,647.1204789598326
2020,1,2,115,78.34217819139164,474.31985661301627,487.7084844267577,647.1204789598326
2020,1,2,116,78.34217819139164,474.31985661301627,487.7084844267577,647.1204789598326
2020,1,2,117,78.34217819139164,474.31985661301627,487.7084844267577,647.1204789598326
2020,1,2,118,78.34217819139164,474.31985661301627,487.7084844267577,647.1204789598326
2020,1,2,119,78.34217819139164,474.31985661301627,487.7084844267577,647.1204789598326
2020,1,2,120,78.34217819139164,474.31985661301627,487.7084844267577,647.1204789598326
2020,1,2,121,76.88020497039982,501.21015838609515,498.0058302290043,564.0038569766964
2020,1,2,122,76.88020497039982,501.21015838609515,498.0058302290043,564.0038569766964
2020,1,2,123,76.88020497039982,501.21015838609515,498.0058302290043,564.0038569766964
2020,1,2,124,76.88020497039982,501.21015838609515,498.0058302290043,564.0038569766964
2020,1,2,125,76.88020497039982,501.21015838609515,498.0058302290043,564.0038569766964
2020,1,2,126,76.88020497039982,501.21015838609515,498.0058302290043,564.0038569766964
2020,1,2,127,76.88020497039982,501.21015838609515,498.0058302290043,564.0038569766964
2020,1,2,128,76.88020497039982,501.21015838609515,498.0058302290043,564.0038569766964
2020,1,2,129,76.88020497039982,501.21015838609515,498.0058302290043,564.0038569766964
2020,1,2,130,76.88020497039982,501.21015838609515,498.0058302290043,564.0038569766964
2020,1,2,131,76.88020497039982,501.21015838609515,498.0058302290043,564.0038569766964
2020,1,2,132,76.88020497039982,501.21015838609515,498.0058302290043,564.0038569766964
2020,1,2,133,69.35826114282635,456.24970859331563,490.48193643098074,514.9160398255632
2020,1,2,134,69.35826114282635,456.24970859331563,490.48193643098074,514.9160398255632
2020,1,2,135,69.35826114282635,456.24970859331563,490.48193643098074,514.9160398255632
2020,1,2,136,69.35826114282635,456.24970859331563,490.48193643098074,514.9160398255632
2020,1,2,137,69.35826114282635,456.24970859331563,490.48193643098074,514.9160398255632
2020,1,2,138,69.35826114282635,456.24970859331563,490.48193643098074,514.9160398255632
2020,1,2,139,69.35826114282635,456.24970859331563,490.48193643098074,514.9160398255632
2020,1,2,140,69.35826114282635,456.24970859331563,490.48193643098074,514.9160398255632
2020,1,2,141,69.35826114282635,456.24970859331563,490.48193643098074,514.9160398255632
2020,1,2,142,69.35826114282635,456.24970859331563,490.48193643098074,514.9160398255632
2020,1,2,143,69.35826114282635,456.24970859331563,490.48193643098074,514.9160398255632
2020,1,2,144,69.35826114282635,456.24970859331563,490.48193643098074,514.9160398255632
2020,1,2,145,75.21271683327922,489.64864705834594,374.49571598078575,549.0220585699345
2020,1,2,146,75.21271683327922,489.64864705834594,374.49571598078575,549.0220585699345
2020,1,2,147,75.21271683327922,489.64864705834594,374.49571598078575,549.0220585699345
2020,1,2,148,75.21271683327922,489.64864705834594,374.49571598078575,549.0220585699345
2020,1,2,149,75.21271683327922,489.64864705834594,374.49571598078575,549.0220585699345
2020,1,2,150,75.21271683327922,489.64864705834594,374.49571598078575,549.0220585699345
2020,1,2,151,75.21271683327922,489.64864705834594,374.49571598078575,549.0220585699345
2020,1,2,152,75.21271683327922,489.64864705834594,374.49571598078575,549.0220585699345
2020,1,2,153,75.21271683327922,489.64864705834594,374.49571598078575,549.0220585699345
2020,1,2,154,75.21271683327922,489.64864705834594,374.49571598078575,549.0220585699345
2020,1,2,155,75.21271683327922,489.64864705834594,374.49571598078575,549.0220585699345
2020,1,2,156,75.21271683327922,489.64864705834594,374.49571598078575,549.0220585699345
2020,1,2,157,81.54581602072284,453.9140410440722,426.0236179428812,614.1880209728239
2020,1,2,158,81.54581602072284,453.9140410440722,426.0236179428812,614.1880209728239
2020,1,2,159,81.54581602072284,453.9140410440722,426.0236179428812,614.1880209728239
2020,1,2,160,81.54581602072284,453.9140410440722,426.0236179428812,614.1880209728239
2020,1,2,161,81.54581602072284,453.9140410440722,426.0236179428812,614.1880209728239
2020,1,2,162,81.54581602072284,453.9140410440722,426.0236179428812,614.1880209728239
2020,1,2,163,81.54581602072284,453.9140410440722,426.0236179428812,614.1880209728239
2020,1,2,164,81.54581602072284,453.9140410440722,426.0236179428812,614.1880209728239
2020,1,2,165,81.54581602072284,453.9140410440722,426.0236179428812,614.1880209728239
2020,1,2,166,81.54581602072284,453.9140410440722,426.0236179428812,614.1880209728239
2020,1,2,167,81.54581602072284,453.9140410440722,426.0236179428812,614.1880209728239
2020,1,2,168,81.54581602072284,453.9140410440722,426.0236179428812,614.1880209728239
2020,1,2,169,79.36300447238442,418.58076486360517,475.3170059288268,432.822996475137
2020,1,2,170,79.36300447238442,418.58076486360517,475.3170059288268,432.822996475137
2020,1,2,171,79.36300447238442,418.58076486360517,475.3170059288268,432.822996475137
2020,1,2,172,79.36300447238442,418.58076486360517,475.3170059288268,432.822996475137
2020,1,2,173,79.36300447238442,418.58076486360517,475.3170059288268,432.822996475137
2020,1,2,174,79.36300447238442,418.58076486360517,475.3170059288268,432.822996475137
2020,1,2,175,79.36300447238442,418.58076486360517,475.3170059288268,432.822996475137
2020,1,2,176,79.36300447238442,418.58076486360517,475.3170059288268,432.822996475137
2020,1,2,177,79.36300447238442,418.58076486360517,475.3170059288268,432.822996475137
2020,1,2,178,79.36300447238442,418.58076486360517,475.3170059288268,432.822996475137
2020,1,2,179,79.36300447238442,418.58076486360517,475.3170059288268,432.822996475137
2020,1,2,180,79.36300447238442,418.58076486360517,475.3170059288268,432.822996475137
2020,1,2,181,76.76785186945976,481.66716230059274,577.6276356030296,525.5008825378935
2020,1,2,182,76.76785186945976,481.66716230059274,577.6276356030296,525.5008825378935
2020,1,2,183,76.76785186945976,481.66716230059274,577.6276356030296,525.5008825378935
2020,1,2,184,76.76785186945976,481.66716230059274,577.6276356030296,525.5008825378935
2020,1,2,185,76.76785186945976,481.66716230059274,577.6276356030296,525.5008825378935
2020,1,2,186,76.76785186945976,481.66716230059274,577.6276356030296,525.5008825378935
2020,1,2,187,76.76785186945976,481.66716230059274,577.6276356030296,525.5008825378935
2020,1,2,188,76.76785186945976,481.66716230059274,577.6276356030296,525.5008825378935
2020,1,2,189,76.76785186945976,481.66716230059274,577.6276356030296,525.5008825378935
2020,1,2,190,76.76785186945976,481.66716230059274,577.6276356030296,525.5008825378935
2020,1,2,191,76.76785186945976,481.66716230059274,577.6276356030296,525.5008825378935
2020,1,2,192,76.76785186945976,481.66716230059274,577.6276356030296,525.5008825378935
2020,1,2,193,60.36674594690488,521.7542000862289,667.9910993902625,497.22392303539385
2020,1,2,194,60.36674594690488,521.7542000862289,667.9910993902625,497.22392303539385
2020,1,2,195,60.36674594690488,521.7542000862289,667.9910993902625,497.22392303539385
2020,1,2,196,60.36674594690488,521.7542000862289,667.9910993902625,497.22392303539385
2020,1,2,197,60.36674594690488,521.7542000862289,667.9910993902625,497.22392303539385
2020,1,2,198,60.36674594690488,521.7542000862289,667.9910993902625,497.22392303539385
2020,1,2,199,60.36674594690488,521.7542000862289,667.9910993902625,497.22392303539385
2020,1,2,200,60.36674594690488,521.7542000862289,667.9910993902625,497.22392303539385
2020,1,2,201,60.36674594690488,521.7542000862289,667.9910993902625,497.22392303539385
2020,1,2,202,60.36674594690488,521.7542000862289,667.9910993902625,497.22392303539385
2020,1,2,203,60.36674594690488,521.7542000862289,667.9910993902625,497.22392303539385
2020,1,2,204,60.36674594690488,521.7542000862289,667.9910993902625,497.22392303539385
2020,1,2,205,63.40194862224774,459.80350000701327,548.3985162827959,568.0222432226426
2020,1,2,206,63.40194862224774,459.80350000701327,548.3985162827959,568.0222432226426
2020,1,2,207,63.40194862224774,459.80350000701327,548.3985162827959,568.0222432226426
2020,1,2,208,63.40194862224774,459.80350000701327,548.3985162827959,568.0222432226426
2020,1,2,209,63.40194862224774,459.80350000701327,548.3985162827959,568.0222432226426
2020,1,2,210,63.40194862224774,459.80350000701327,548.3985162827959,568.0222432226426
2020,1,2,211,63.40194862224774,459.80350000701327,548.3985162827959,568.0222432226426
2020,1,2,212,63.40194862224774,459.80350000701327,548.3985162827959,568.0222432226426
2020,1,2,213,63.40194862224774,459.80350000701327,548.3985162827959,568.0222432226426
2020,1,2,214,63.40194862224774,459.80350000701327,548.3985162827959,568.0222432226426
2020,1,2,215,63.40194862224774,459.80350000701327,548.3985162827959,568.0222432226426
2020,1,2,216,63.40194862224774,459.80350000701327,548.3985162827959,568.0222432226426
2020,1,2,217,64.25076181215742,438.7310203919343,627.0800520272011,558.9001489939892
2020,1,2,218,64.25076181215742,438.7310203919343,627.0800520272011,558.9001489939892
2020,1,2,219,64.25076181215742,438.7310203919343,627.0800520272011,558.9001489939892
2020,1,2,220,64.25076181215742,438.7310203919343,627.0800520272011,558.9001489939892
2020,1,2,221,64.25076181215742,438.7310203919343,627.0800520272011,558.9001489939892
2020,1,2,222,64.25076181215742,438.7310203919343,627.0800520272011,558.9001489939892
2020,1,2,223,64.25076181215742,438.7310203919343,627.0800520272011,558.9001489939892
2020,1,2,224,64.25076181215742,438.7310203919343,627.0800520272011,558.9001489939892
2020,1,2,225,64.25076181215742,438.7310203919343,627.0800520272011,558.9001489939892
2020,1,2,226,64.25076181215742,438.7310203919343,627.0800520272011,558.9001489939892
2020,1,2,227,64.25076181215742,438.7310203919343,627.0800520272011,558.9001489939892
2020,1,2,228,64.25076181215742,438.7310203919343,627.0800520272011,558.9001489939892
2020,1,2,229,73.19431851845805,571.9791929503687,657.1956217118102,492.21631877429706
2020,1,2,230,73.19431851845805,571.9791929503687,657.1956217118102,492.21631877429706
2020,1,2,231,73.19431851845805,571.9791929503687,657.1956217118102,492.21631877429706
2020,1,2,232,73.19431851845805,571.9791929503687,657.1956217118102,492.21631877429706
2020,1,2,233,73.19431851845805,571.9791929503687,657.1956217118102,492.21631877429706
2020,1,2,234,73.19431851845805,571.9791929503687,657.1956217118102,492.21631877429706
2020,1,2,235,73.19431851845805,571.9791929503687,657.1956217118102,492.21631877429706
2020,1,2,236,73.19431851845805,571.9791929503687,657.1956217118102,492.21631877429706
2020,1,2,237,73.19431851845805,571.9791929503687,657.1956217118102,492.21631877429706
2020,1,2,238,73.19431851845805,571.9791929503687,657.1956217118102,492.21631877429706
2020,1,2,239,73.19431851845805,571.9791929503687,657.1956217118102,492.21631877429706
2020,1,2,240,73.19431851845805,571.9791929503687,657.1956217118102,492.21631877429706
2020,1,2,241,86.5627885293706,507.29723337668895,607.2995566177872,490.7498305485048
2020,1,2,242,86.5627885293706,507.29723337668895,607.2995566177872,490.7498305485048
2020,1,2,243,86.5627885293706,507.29723337668895,607.2995566177872,490.7498305485048
2020,1,2,244,86.5627885293706,507.29723337668895,607.2995566177872,490.7498305485048
2020,1,2,245,86.5627885293706,507.29723337668895,607.2995566177872,490.7498305485048
2020,1,2,246,86.5627885293706,507.29723337668895,607.2995566177872,490.7498305485048
2020,1,2,247,86.5627885293706,507.29723337668895,607.2995566177872,490.7498305485048
2020,1,2,248,86.5627885293706,507.29723337668895,607.2995566177872,490.7498305485048
2020,1,2,249,86.5627885293706,507.29723337668895,607.2995566177872,490.7498305485048
2020,1,2,250,86.5627885293706,507.29723337668895,607.2995566177872,490.7498305485048
2020,1,2,251,86.5627885293706,507.29723337668895,607.2995566177872,490.7498305485048
2020,1,2,252,86.5627885293706,507.29723337668895,607.2995566177872,490.7498305485048
2020,1,2,253,79.05146751012785,476.6714001665587,654.0964383925752,482.8709518642361
2020,1,2,254,79.05146751012785,476.6714001665587,654.0964383925752,482.8709518642361
2020,1,2,255,79.05146751012785,476.6714001665587,654.0964383925752,482.8709518642361
2020,1,2,256,79.05146751012785,476.6714001665587,654.0964383925752,482.8709518642361
2020,1,2,257,79.05146751012785,476.6714001665587,654.0964383925752,482.8709518642361
2020,1,2,258,79.05146751012785,476.6714001665587,654.0964383925752,482.8709518642361
2020,1,2,259,79.05146751012785,476.6714001665587,654.0964383925752,482.8709518642361
2020,1,2,260,79.05146751012785,476.6714001665587,654.0964383925752,482.8709518642361
2020,1,2,261,79.05146751012785,476.6714001665587,654.0964383925752,482.8709518642361
2020,1,2,262,79.05146751012785,476.6714001665587,654.0964383925752,482.8709518642361
2020,1,2,263,79.05146751012785,476.6714001665587,654.0964383925752,482.8709518642361
2020,1,2,264,79.05146751012785,476.6714001665587,654.0964383925752,482.8709518642361
2020,1,2,265,58.72264340518333,532.7160745374171,558.0978061255814,386.35621681024594
2020,1,2,266,58.72264340518333,532.7160745374171,558.0978061255814,386.35621681024594
2020,1,2,267,58.72264340518333,532.7160745374171,558.0978061255814,386.35621681024594
2020,1,2,268,58.72264340518333,532.7160745374171,558.0978061255814,386.35621681024594
2020,1,2,269,58.72264340518333,532.7160745374171,558.0978061255814,386.35621681024594
2020,1,2,270,58.72264340518333,532.7160745374171,558.0978061255814,386.35621681024594
2020,1,2,271,58.72264340518333,532.7160745374171,558.0978061255814,386.35621681024594
2020,1,2,272,58.72264340518333,532.7160745374171,558.0978061255814,386.35621681024594
2020,1,2,273,58.72264340518333,532.7160745374171,558.0978061255814,386.35621681024594
2020,1,2,274,58.72264340518333,532.7160745374171,558.0978061255814,386.35621681024594
2020,1,2,275,58.72264340518333,532.7160745374171,558.0978061255814,386.35621681024594
2020,1,2,276,58.72264340518333,532.7160745374171,558.0978061255814,386.35621681024594
2020,1,2,277,79.03806971839425,573.728197503604,671.4030417936003,450.66552925907814
2020,1,2,278,79.03806971839425,573.728197503604,671.4030417936003,450.66552925907814
2020,1,2,279,79.03806971839425,573.728197503604,671.4030417936003,450.66552925907814
2020,1,2,280,79.03806971839425,573.728197503604,671.4030417936003,450.66552925907814
2020,1,2,281,79.03806971839425,573.728197503604,671.4030417936003,450.66552925907814
2020,1,2,282,79.03806971839425,573.728197503604,671.4030417936003,450.66552925907814
2020,1,2,283,79.03806971839425,573.728197503604,671.4030417936003,450.66552925907814
2020,1,2,284,79.03806971839425,573.728197503604,671.4030417936003,450.66552925907814
2020,1,2,285,79.03806971839425,573.728197503604,671.4030417936003,450.66552925907814
2020,1,2,286,79.03806971839425,573.728197503604,671.4030417936003,450.66552925907814
2020,1,2,287,79.03806971839425,573.728197503604,671.4030417936003,450.66552925907814
2020,1,2,288,79.03806971839425,573.728197503604,671.4030417936003,450.66552925907814
