Year,Month,Day,Period,320_PV_1,314_PV_1,314_PV_2,313_PV_1,314_PV_3,314_PV_4,313_PV_2,310_PV_1,324_PV_1,312_PV_1,310_PV_2,324_PV_2,324_PV_3,113_PV_1,319_PV_1,215_PV_1,102_PV_1,101_PV_1,102_PV_2,104_PV_1,101_PV_2,101_PV_3,101_PV_4,103_PV_1,119_PV_1
2020,1,1,1,0.0,0.0,0.0,0.0,0.0,0.0,0.0,0.0,0.0,0.0,0.0,0.0,0.0,0.0,0.0,0.0,0.0,0.0,0.0,0.0,0.0,0.0,0.0,0.0,0.0
2020,1,1,2,0.0,0.0,0.0,0.0,0.0,0.0,0.0,0.0,0.0,0.0,0.0,0.0,0.0,0.0,0.0,0.0,0.0,0.0,0.0,0.0,0.0,0.0,0.0,0.0,0.0
2020,1,1,3,0.0,0.0,0.0,0.0,0.0,0.0,0.0,0.0,0.0,0.0,0.0,0.0,0.0,0.0,0.0,0.0,0.0,0.0,0.0,0.0,0.0,0.0,0.0,0.0,0.0
2020,1,1,4,0.0,0.0,0.0,0.0,0.0,0.0,0.0,0.0,0.0,0.0,0.0,0.0,0.0,0.0,0.0,0.0,0.0,0.0,0.0,0.0,0.0,0.0,0.0,0.0,0.0
2020,1,1,5,0.0,0.0,0.0,0.0,0.0,0.0,0.0,0.0,0.0,0.0,0.0,0.0,0.0,0.0,0.0,0.0,0.0,0.0,0.0,0.0,0.0,0.0,0.0,0.0,0.0
2020,1,1,6,0.0,0.0,0.0,0.0,0.0,0.0,0.0,0.0,0.0,0.0,0.0,0.0,0.0,0.0,0.0,0.0,0.0,0.0,0.0,0.0,0.0,0.0,0.0,0.0,0.0
2020,1,1,7,5.16889038961139,3.226155344672183,6.303986091686401,5.353971183105408,0.8296609697121334,6.745616457186298,5.925136394233398,6.038031620044853,1.2531816033599905,3.4978829430336074,2.6752842694955334,7.36795422589681,5.0089931845551385,5.772743429318084,3.240861648923837,1.7607027252194853,4.156016687565029,0.6723616365829943,5.61011536839062,4.412114922243673,5.560100607758921,2.5320602310108544,6.9699463213420785,6.37239699541707,5.683916250615185
2020,1,1,8,10.687712764317741,6.214926142698205,11.530125947149058,9.59102317222721,1.618072492423142,13.85500335193857,10.43413420824355,10.329692460454398,2.2336398954864354,6.385367689471625,5.518414453379692,12.576237045646703,9.004500077554018,11.157056827983526,6.4411578500425,3.596074427678357,8.541861851489637,1.3060716701142967,12.248759363730075,8.515791471407343,9.619909095274405,5.25870343878425,14.270584491919609,12.390906202021485,11.134847583813565
2020,1,1,9,19.464700328580115,11.448268874259611,22.107813237327136,15.842285457693086,2.7838648470854572,24.312157870040934,17.628938264500338,19.98494170718705,3.933199821083587,10.55806234433165,9.452984083483754,23.178847700586942,17.057301122903503,21.72378827557007,12.07955293366255,6.045866698909494,12.772677364388151,2.2980460120734687,21.320736735820127,16.24194686010661,19.213341372163367,9.317736682554452,26.81530947258248,21.377959182816614,20.098017759111876
2020,1,1,10,28.495731557444373,17.69582396403209,31.173196975913505,29.260161084280377,4.769925637396834,34.10344202879789,30.946798766163788,32.22817034376202,6.074405422643255,18.50564408093314,14.209265163353958,35.69741872056881,25.840586827113754,34.049867330480446,18.939367136957607,9.71802003111943,22.008292826851697,3.5172486527224254,33.397013100921505,26.59006743389449,32.301949317079306,13.787311725731032,36.747353910581126,33.95577725959868,30.399236426007334
2020,1,1,11,43.81934367661568,22.6762831433845,49.0290524714573,38.3966411062855,6.243319987744626,51.99174388455527,42.26109371198048,45.10827925374074,8.735992539754161,26.39468327396762,19.804497551149378,49.6588716431476,35.54113587778643,42.26539878356876,23.620890745707886,14.36193547108798,29.550617003282476,4.712851822149843,41.27841472799586,34.58472820676051,44.323624020564985,20.00547087047526,51.107796159174164,50.986440268973446,39.421882078790546
2020,1,1,12,49.19913962898558,32.16841690442665,64.67764815353092,43.28550443841773,7.9922243859946835,65.56662156208151,49.911673086103704,52.00452345405521,10.061938102870448,31.140145082883045,26.37091461363073,61.97271903383084,44.168088124680864,58.22305606334466,30.6896916490796,17.056698408765186,37.31230619719845,5.909641641332051,56.6880308114267,44.283873638119395,56.00780317940227,22.952659481478303,65.5856862509694,60.73029272986893,50.49663952280419
2020,1,1,13,57.66118790021506,33.87781576020449,64.67764815353092,51.0195328016513,8.846764591733024,72.4327659299286,53.00946856497167,59.38269428521763,10.185982340310176,31.458637820166352,29.06825576897843,69.65384418594793,48.573463233929324,61.79175401736844,34.36923651439517,16.940177382980917,40.56266616275367,6.516309415515476,62.41707555545849,43.676709452452236,54.41673192326235,27.88039567348039,72.86095578082794,67.19784185652043,58.82199528638461
2020,1,1,14,56.784625908520695,32.1474254664261,64.67764815353092,52.90786612133356,8.874946395798416,70.24259181409104,55.42005315105824,59.38269428521763,11.245250912827785,34.8781734663764,28.879695512139453,69.65384418594793,49.002153765888515,62.06159776877059,32.67442053347876,18.588426690288713,42.12452397700974,6.658659695604799,59.19884468452155,46.48169626090363,57.34040502623229,26.93021150241285,70.79639314695083,67.19784185652043,58.82199528638461
2020,1,1,15,52.77710349136923,32.269091678332046,56.449862362053175,46.68198723725133,7.605423667268465,63.75298973970635,51.36892222587511,59.38269428521763,10.570780119422396,28.620075923393205,26.102605267720822,66.6226443243685,41.95183057836003,56.813073484790436,30.66931458783888,17.65900655108004,41.51691850183654,6.124048652848006,55.878871035288356,40.74099421728148,49.45815566413183,27.482490948737915,63.14194943345967,59.259169716741674,56.88919553274916
2020,1,1,16,40.57386976982522,25.152375166033554,42.148973513687324,36.93952657894374,6.017189246551826,52.00078835648128,43.649789748387704,40.95394757669955,7.739843794267928,25.377168164293025,21.423145082354722,49.90354487038054,32.264159972655946,46.67997041116049,24.633188289911065,13.17161566622757,28.517045402685028,4.660495359176852,44.46379470459699,31.206963570208696,41.546955468627594,19.944739186283027,54.96679840009805,48.15930747544546,43.79057393267727
2020,1,1,17,29.62747625558721,16.370815234856384,32.20589838574402,29.06646822609313,4.607650498235768,37.76329363523958,28.022177776333017,29.714608052160887,5.777065570354893,17.11245832470215,14.19911139603479,37.219321319332025,25.93146557506108,31.99527124536746,18.651747215754472,10.018714315797073,20.53676873857166,3.498238867532469,34.99767265995255,24.845746312885964,27.565788502113044,15.05006436425505,38.11627017217396,34.94297773319844,30.634031555792276
2020,1,1,18,19.030029485029612,12.200789107631396,20.12796321006204,16.504873829161372,3.0093573551637416,24.832536982034508,18.86932116086414,19.249160187383314,3.6078354745756327,10.81580668821324,9.922974287367659,22.1249968173187,16.64029590128651,21.87074039503477,11.997158736229741,5.908032669602224,13.075241023943963,2.081193651247222,22.524419960078063,14.06187711134308,18.26781999251731,9.153569984478363,21.533143079720542,22.602472243846936,20.088782058249198
2020,1,1,19,10.643282202968008,6.640741065096701,11.332197234879775,9.594207579444733,1.7041313955586797,14.576941089461242,11.239301986241735,10.941027016699236,2.3052020196782457,6.442078921602033,5.715205660210107,13.659753929919267,9.477550401938753,11.903267345541499,6.384656956272128,3.2501213031167024,8.717389301945524,1.3522661370212659,10.808002673022933,8.486343174014701,10.464009096605972,5.257831802065984,12.91848586796201,14.009917312578823,10.739658395039127
2020,1,1,20,5.810333574504618,3.299061332108412,6.812043904893025,5.18480665322203,0.8257893721266507,6.995831057893728,4.91740291809521,5.502199423471337,1.1421065566947048,3.3512076198906224,3.185761831290462,6.497127882679759,4.8487081828483225,6.206059654451316,3.2971987852909543,1.815279570984145,4.024586030916178,0.6243606080631122,6.807457072934073,4.540153947687359,5.810228787769541,2.624667256473766,7.59581713019539,6.240888579554549,5.660382518318216
2020,1,1,21,0.0,0.0,0.0,0.0,0.0,0.0,0.0,0.0,0.0,0.0,0.0,0.0,0.0,0.0,0.0,0.0,0.0,0.0,0.0,0.0,0.0,0.0,0.0,0.0,0.0
2020,1,1,22,0.0,0.0,0.0,0.0,0.0,0.0,0.0,0.0,0.0,0.0,0.0,0.0,0.0,0.0,0.0,0.0,0.0,0.0,0.0,0.0,0.0,0.0,0.0,0.0,0.0
2020,1,1,23,0.0,0.0,0.0,0.0,0.0,0.0,0.0,0.0,0.0,0.0,0.0,0.0,0.0,0.0,0.0,0.0,0.0,0.0,0.0,0.0,0.0,0.0,0.0,0.0,0.0
2020,1,1,24,0.0,0.0,0.0,0.0,0.0,0.0,0.0,0.0,0.0,0.0,0.0,0.0,0.0,0.0,0.0,0.0,0.0,0.0,0.0,0.0,0.0,0.0,0.0,0.0,0.0
2020,1,2,1,0.0,0.0,0.0,0.0,0.0,0.0,0.0,0.0,0.0,0.0,0.0,0.0,0.0,0.0,0.0,0.0,0.0,0.0,0.0,0.0,0.0,0.0,0.0,0.0,0.0
2020,1,2,2,0.0,0.0,0.0,0.0,0.0,0.0,0.0,0.0,0.0,0.0,0.0,0.0,0.0,0.0,0.0,0.0,0.0,0.0,0.0,0.0,0.0,0.0,0.0,0.0,0.0
2020,1,2,3,0.0,0.0,0.0,0.0,0.0,0.0,0.0,0.0,0.0,0.0,0.0,0.0,0.0,0.0,0.0,0.0,0.0,0.0,0.0,0.0,0.0,0.0,0.0,0.0,0.0
2020,1,2,4,0.0,0.0,0.0,0.0,0.0,0.0,0.0,0.0,0.0,0.0,0.0,0.0,0.0,0.0,0.0,0.0,0.0,0.0,0.0,0.0,0.0,0.0,0.0,0.0,0.0
2020,1,2,5,0.0,0.0,0.0,0.0,0.0,0.0,0.0,0.0,0.0,0.0,0.0,0.0,0.0,0.0,0.0,0.0,0.0,0.0,0.0,0.0,0.0,0.0,0.0,0.0,0.0
2020,1,2,6,0.0,0.0,0.0,0.0,0.0,0.0,0.0,0.0,0.0,0.0,0.0,0.0,0.0,0.0,0.0,0.0,0.0,0.0,0.0,0.0,0.0,0.0,0.0,0.0,0.0
2020,1,2,7,5.135769267401711,3.0806711979804993,5.6517047401837575,5.27299085697391,0.8288478965048923,7.104333114884318,5.715318161755939,6.152561075150748,1.1872713912137738,2.9810425239268543,2.9591738595465706,7.165724773079451,4.648808961149803,5.854604621979085,3.3813796979107695,1.8471941845061135,4.329834214582461,0.6203337704720646,6.001902020177457,4.5728120959352045,5.069160114079461,2.5249937259450275,6.631117864866916,6.364341304825212,5.496985180064515
2020,1,2,8,11.16902701496399,5.955859597557478,12.056267386409962,10.01509814530913,1.624617342119856,13.761737490062695,11.301394629421365,11.247312807076172,2.0371749046366197,6.4111813092017265,5.324313416330243,13.760704650900614,8.290432031690184,12.549089051165158,7.268114541224615,3.536464972623703,8.489769220442946,1.2251920645447156,12.435141275226663,8.936042039267763,11.600029044676845,5.148213968833193,14.00739106285365,11.988384698709414,11.3154121975979
2020,1,2,9,20.773991341672723,11.521742788379042,21.35157300321801,16.712275268257702,2.797283661326323,23.321172274576604,19.525891021921932,20.033284028717212,3.6712735583976075,10.964382258601697,8.687571044271232,24.674152949353964,16.44494689326083,20.34051758562561,10.71594207217062,6.239491904671852,14.71714851023366,2.312583830701149,21.143541036226978,15.190545586327326,18.497353652198857,9.27464543717364,25.29441461574618,22.374853640378756,20.010943307418543
2020,1,2,10,30.7681214112249,15.202258290524565,31.07121073935942,27.25571463837014,4.311046344539418,34.80031445944337,29.23729805769415,31.046531426205892,5.968443214528337,19.317838315000575,13.49396167309726,36.40302988887602,24.680484385761915,32.18962016766938,15.971335966986219,9.13229502815171,21.2999232019474,3.5341536798289916,33.2185795329196,25.221991827419103,28.334495972881548,15.449396969273648,38.318608926848526,33.599347282303945,29.188993054373867
2020,1,2,11,42.27381365283766,24.63987490706586,46.26367559747512,37.85703474047276,6.2638996290232605,52.70785197917837,37.43814839720632,41.93623879514037,9.164035386591198,22.86357050338353,19.516742773487323,52.16819708840942,31.426255153867174,47.09042914040182,26.210853301985733,13.890057105112902,30.187764118104347,4.904808554531799,43.23764724648421,34.31134584174925,44.460728665203625,20.19890590717341,52.57028755119484,47.01586967268623,42.25703182377353
2020,1,2,12,50.880125720145635,29.73056519648886,58.0316519290943,47.80133858437635,7.458558865824247,63.00336789363297,50.33672529398894,54.2139664920504,10.910257980874487,28.961106983044317,24.30355040343565,61.37185220334711,45.6897671172852,53.043037062116454,29.483520730177748,15.70878701437003,39.44216123062134,5.881709384706579,52.934186905610524,41.62451290914141,54.556245093638374,26.674559804707606,64.88627287239979,62.35410157488944,50.995029692373414
2020,1,2,13,58.49879154458532,34.03812610189982,57.70537179192571,52.90786612133356,8.874946395798416,73.22043166948318,57.563198245295766,59.38269428521763,11.35229518531485,34.8781734663764,28.84354251516847,67.55914130333369,49.002153765888515,58.980714807080695,34.33365341812915,18.588426690288713,42.48468945215594,6.658659695604799,60.64529775996295,46.51842151705143,57.34040502623229,27.88039567348039,69.81955313454506,63.2945431298647,57.27348656534857
2020,1,2,14,57.761523039864215,33.19828944537691,61.71824261640918,51.52228111908063,8.874946395798416,70.31342112510542,54.42471667656571,58.57984933781207,11.132181018279585,34.8781734663764,27.340322149806553,69.65384418594793,49.002153765888515,61.45184747232328,33.36235843674008,18.588426690288713,41.648511165916595,6.4443969693864505,60.47958278863501,45.199796147579406,56.499212422354454,27.88039567348039,72.59866146782608,64.15591243731099,55.51346582521788
2020,1,2,15,50.28984205212889,31.463003565416102,59.0546448295175,48.34368215888807,8.13265905767622,61.91801166202995,53.13565515621077,54.25244522069669,9.709881775448805,30.047801596676507,25.097435478040104,63.002789390481475,44.63604881216901,57.8320163433982,31.167310689166545,16.80902749275798,34.93936020455701,5.881085884876423,58.048842590354724,45.15911975244195,50.97154023331645,24.874823555164102,69.30541640797419,60.5945221856843,55.96751533813909
2020,1,2,16,41.30869133015416,23.905358918583538,47.2404439686717,39.93542012093348,6.520613726144362,53.07935189759149,43.119205831338476,45.2254567934341,8.455134628725002,24.201470917410745,20.022170154198804,51.91770591869167,35.19243615382339,41.50993376877664,23.456208715225994,13.20183897956688,30.614937426120775,5.002491718153585,46.90627418412863,34.608907869088604,41.5528583202292,22.364671493656683,51.89644914386435,50.48318063148324,44.393615726637286
2020,1,2,17,30.33219279809251,17.57514839293701,31.291130027283405,27.296909438459263,4.693930936212872,37.87629988567915,29.741402301154604,32.226299156701515,5.5077045328912,18.45879928235157,14.595430079979618,35.98273228934618,26.829268992859134,29.20601681214763,17.486995464744215,9.734636690552653,22.989154566426986,3.5681132158119793,31.79742988513375,23.635655566657658,31.794778793976665,13.96686775005859,35.743769866574745,36.636381230215456,31.01175037002611
2020,1,2,18,18.518661980909695,11.617929239473106,21.46010750489885,19.452799087648277,2.8670231010371325,24.801793241593387,16.046561521605874,19.559818397249206,3.692542994207265,10.145702848061157,10.201822526450782,22.257129875077936,17.4881058018905,21.27168372448388,11.56857469833147,5.243672461770038,13.148208614138687,2.0843675424766337,22.0173371052865,16.47825650870633,19.27478525931274,8.826300238755511,23.394980636018353,21.385464879366644,21.273247629732836
2020,1,2,19,10.603564347406834,6.2802837090755075,12.840517640989829,9.804117679841273,1.854040332880732,15.341029130777473,10.17749680172178,9.879344686849706,2.131866415807329,5.974592709723332,5.6719983557384674,13.163136308886473,9.77988789598673,11.36851846355548,6.164237891409668,3.5639602203816136,8.280601858251025,1.2038603641371741,12.59571135218899,8.832446375889804,11.223355677421736,4.9473240693685625,13.899858590859754,13.28689385475864,11.004913458593855
2020,1,2,20,5.286927366327789,3.465212701815689,6.515605744023444,5.2137181756756,0.8707088339822309,7.198771696672812,6.108453571087455,5.907227262892182,1.1885326183142197,3.334730219313401,2.82107924890272,7.239439290105792,4.528133700473444,5.9002098433173416,3.216188658419369,1.7923399674249505,4.188118610924395,0.6492128011465481,6.126367756887672,4.337367833094224,5.8854930857665195,3.01872671033823,6.933517660561943,6.260821366797424,6.568756107328939
2020,1,2,21,0.0,0.0,0.0,0.0,0.0,0.0,0.0,0.0,0.0,0.0,0.0,0.0,0.0,0.0,0.0,0.0,0.0,0.0,0.0,0.0,0.0,0.0,0.0,0.0,0.0
2020,1,2,22,0.0,0.0,0.0,0.0,0.0,0.0,0.0,0.0,0.0,0.0,0.0,0.0,0.0,0.0,0.0,0.0,0.0,0.0,0.0,0.0,0.0,0.0,0.0,0.0,0.0
2020,1,2,23,0.0,0.0,0.0,0.0,0.0,0.0,0.0,0.0,0.0,0.0,0.0,0.0,0.0,0.0,0.0,0.0,0.0,0.0,0.0,0.0,0.0,0.0,0.0,0.0,0.0
2020,1,2,24,0.0,0.0,0.0,0.0,0.0,0.0,0.0,0.0,0.0,0.0,0.0,0.0,0.0,0.0,0.0,0.0,0.0,0.0,0.0,0.0,0.0,0.0,0.0,0.0,0.0
